case_name,sensitivity_mode,normal_stiffness_N_per_m,normal_damping_Ns_per_m,mu,max_tip_error_mm,mean_tip_error_mm,max_penetration_mm,max_normal_force_N,max_tangent_force_N,max_friction_cone_utilization,max_tangent_load_ratio,max_opening_residual_N,contact_work_J,dissipated_contact_work_J,contact_duty_fraction,max_force_utilization
baseline,replay,7500,1.2,0.12,0.320545307053773,0.164403206525316,1.52755959595031,11.4566970511523,1.37492585842125,1,1.00931717887711,0,-0.0250615253973138,0.0317654990012045,0.525641025641026,0.392252018701297
normal_stiffness_low,replay,4500,1.2,0.12,0.320545307053773,0.164403206525316,1.52755959595031,6.87401826330143,0.825004403879137,1,1.01597066616747,0,-0.0150422283134839,0.0190622371533716,0.525641025641026,0.392252018701297
normal_stiffness_high,replay,12000,1.2,0.12,0.320545307053773,0.164403206525316,1.52755959595031,18.3307152329287,2.19980804023441,1,1.00573396568444,0,-0.0400904710230588,0.0508203917729539,0.525641025641026,0.392252018701297
normal_damping_low,replay,7500,0.6,0.12,0.320545307053773,0.164403206525316,1.52755959595031,11.4566970103898,1.37492585352975,1,1.0091277020706,0,-0.0250559070393301,0.0317627303871238,0.525641025641026,0.392252018701297
normal_damping_high,replay,7500,2,0.12,0.320545307053773,0.164403206525316,1.52755959595031,11.4566971055024,1.37492586494325,1,1.00958239970048,0,-0.0250690165412922,0.0317691904866455,0.525641025641026,0.392252018701297
friction_low,replay,7500,1.2,0,0.320545307053773,0.164403206525316,1.52755959595031,11.4566970511523,0.000163575378696861,0,0,0,-5.69654689630188e-06,0.0086713835572921,0.525641025641026,0.392252018701297
friction_high,replay,7500,1.2,0.12,0.320545307053773,0.164403206525316,1.52755959595031,11.4566970511523,1.37492585842125,1,1.00931717887711,0,-0.0250615253973138,0.0317654990012045,0.525641025641026,0.392252018701297
