NShape,CommandDt_s,MaxStep_s,max_tip_error_mm,mean_tip_error_mm,max_normal_force_N,max_tangent_force_N,max_penetration_mm,max_force_utilization,max_cone_utilization,max_opening_residual_N,contact_duty_fraction,elapsed_s,rel_tip_error_to_finest,rel_normal_force_to_finest
21,0.08,0.04,0.340569852427434,0.175383667884323,10.6649538526653,1.27993204359139,1.42199350365949,0.41200991013461,1,0,0.522727272727273,0,0.0624702497057671,0.0691074571338652
31,0.08,0.04,0.321708701308511,0.164817901581043,11.1433423693014,1.33732889487975,1.48577875408763,0.354077558468095,1,0,0.522727272727273,0,0.0036294222037786,0.0273512236909943
41,0.08,0.04,0.320545307053773,0.164403206525316,11.4566970531624,1.37492580108056,1.52755959595031,0.392252018701297,1,0,0.525641025641026,0,0,0
