max_tip_delta_mm,mean_tip_delta_mm,max_force_delta_N,mean_force_delta_N,max_friction_power_W
0.159600462395228,0.0475660484958385,0.649301676490879,-0.844469108237613,0.00677391132708962
